{"version":3,"hash":{"type":"Buffer","data":"WLHubX2ZrgaHhgVKsmE75XP8kouFTqMr0Wmrd5Zqz9FAZK5kpnQp0ZRwEHoTWkq2sh1FaocWRkwkH1fePPfC9jm9uDVnJzTj0MJxBVHla3xRkF+HXvvBgvdIMZAWCfb0iDFvAfg1btZaXugFU3IE/QFM6i1rzjUONv6nApkuWzo="},"indexValueMap":{"2Xl/p38WZo/dCiJGb9T2J7MRfbHtSWiYCgscvtNvp5Y=":{"valueMac":{"type":"Buffer","data":"3yzfF+mibQ5QmoMB9yNfTKnKsTUL5kx9dtq44u51PQM="}},"EWgpCHa9vk9IVRcS/Egac9njMQ0admZccbHZurNw6Zg=":{"valueMac":{"type":"Buffer","data":"7M2Obnxt4mxdSX20c+o/B8oH7VQBSVWqKN3niD6X+wE="}},"KGZBc8s3ZjK17kbc5YtUMmFc9mbOEuyY1AanScJuae8=":{"valueMac":{"type":"Buffer","data":"a5FdBz0+6ceuUiNlmB3CwgKjLhurcZOHOLQLd/HAzJ4="}},"uLdNtfj9dLfET3310oTnicUXYVU3q3UkQfB6ouPTHPY=":{"valueMac":{"type":"Buffer","data":"6tkHtw8VgsiBjDcfQpgal5w837PnwA4/S1/G7tsgaVc="}},"cH+QoPu96KOL/h6zyYfELwPbIK86c8RYfj7v5G4ljQI=":{"valueMac":{"type":"Buffer","data":"ohfPUvi8s5WW3uECQGHDsh+CeUpJBGizwFkQXvNzE90="}},"o48CWEsLhrygOS3KJV4AYjf0dnvAyHpy/676pbto0Bk=":{"valueMac":{"type":"Buffer","data":"6WCCSlceO4fU+yIDCYbdneqLbPzS4cqPjHNVoLD+3DE="}},"RPwLZ9CDq804xF5nZSusNULQp7HMrw9tOoPOSBEOQwY=":{"valueMac":{"type":"Buffer","data":"bIa3mEYXcQfNo4NEj5Us/o/d7ykMxShg8Z84zvigfkM="}},"EEh+rJyDlfz6RarkpXK0VCc9ZRmdnu3q7ZRPcsxCMo0=":{"valueMac":{"type":"Buffer","data":"WWKCN6G6S4TFX+zdDhLTwNLS8WcAAiYYp4lb+snlTug="}},"QmY+kXPLlYwp308ulJ6aQTphgNS0UI35eQJP5aIzB8s=":{"valueMac":{"type":"Buffer","data":"srjJNduj/vuqkWpmCpbnfbm8iTSrtwD7bJZaYr6Q0GE="}},"nDh/OfDMtgxkWtjhQoCCGy1/IOsHSmGN23AJ7FGmTfM=":{"valueMac":{"type":"Buffer","data":"kBH/NGU3sNY0u+Fuh59Hc/xCRACMpaWEEWippjK87qY="}},"GplnVMjL4Y5T0AVSoVyE01TYZzgSpWrXKh03buSzKhk=":{"valueMac":{"type":"Buffer","data":"xWFy8lVvUCQSjaCCpCMsYuuZ76ZDlfojLuhIGqsxCXQ="}},"eLCslpfbERvZ7tQx8PDp1guJB2Dt1qtDoUMUTF7+eRc=":{"valueMac":{"type":"Buffer","data":"Vmeq943bnmNufof6MYmOEg8xWM+9aPm6cxLuA1zrzsk="}},"B5nJv9dPtiHF0CDcA2UBU/btu0tM5Im3RxbGfK2HLco=":{"valueMac":{"type":"Buffer","data":"Ow0dmCaKYAV0Dj2k/JbGrMQjXMP9/hLwIad1Gzvlqqs="}},"AmvE92cOfk41WmVVcET1/oTu1s6RtbzNjE1YQXGCejw=":{"valueMac":{"type":"Buffer","data":"iGV65FDmH2keCo7pcFPsdMC/Z4gNlPATtDZmFggS7rk="}},"id5vw/BiBTF+d0gCm2q0/LH9X58U120XBMkDoN3bAvI=":{"valueMac":{"type":"Buffer","data":"SgBcDpKe7a/VKdHhTW6ufY+AiV3vfJd1PMZrwtj5y30="}},"qkSq481YNNOIkUgmewYyMkLMDJWZYf+2cQCujBePHjw=":{"valueMac":{"type":"Buffer","data":"Tsp27N8wSMkVPbk56f0f+3kOVv1Fezry6JoZ0570wu8="}},"URSOOSxFrYRmOib/H0SZbgSAt9bMfMUAVG8CTvPjJc4=":{"valueMac":{"type":"Buffer","data":"xDuBaQC+5zPNb0cwuYglB308mXXVeIeTqayuEXenW/o="}},"witLtT3qcHrxtPY3+iuIfbCoX7hMIXwflhO6bd71DHU=":{"valueMac":{"type":"Buffer","data":"MxLYXPA2j7m/h5tvJxuZWTMWqv3o8WdLBc6J1QDxYJU="}},"Cnf8QFt9O8XiLXDYT0+yeOI+fFMzUG4dODZ7gqH3QqI=":{"valueMac":{"type":"Buffer","data":"OsXYSuU225E7XXX+oEpwtqa2bg1EGg2QBLPrW9d9CYI="}},"5WT/YGPcSl2IdEyI/ZIrGUMEpxUixG9ecoPTNhQ3Y70=":{"valueMac":{"type":"Buffer","data":"3IX3F2dcb5tnoEiWq+BqJDbqc7AiT5OTI14aJlJk6F8="}},"P/K4dzPuTLLlVFPOju7jEx8z0kUtxQddIBmIMSwo5Qc=":{"valueMac":{"type":"Buffer","data":"j1ZvItNvx4Wff2zho/jEQH0EGtBI60c3sIuRY5AyNmE="}},"SmzhuzJ/HzUpeS5VEWousggRON76VBfnUGMTnonwE1Q=":{"valueMac":{"type":"Buffer","data":"CrUJ/X/mov1THWop+9Jg2Aby3nqvciAns1nV11zUfKI="}},"ByFKcnFWw7cO9+N9Q/VOMi/XLZndcykEl0vDS5m7Ess=":{"valueMac":{"type":"Buffer","data":"lvuHbtfPyrLARV8pLv/bsCJdlT5eQs2nL3Jrok6W+/8="}},"osyiqNwLv+awHITo4QR8iyy4Q/4RKdG306SQ6A1dYQw=":{"valueMac":{"type":"Buffer","data":"KvZ/vPDIhXAs3FZw/ayDW/bQASY86Vy/g0q2rEacoM4="}},"2NJeZ4ANpbd1RJ6iYX+AS90U27UOhDcyKHZE/Cx/Zag=":{"valueMac":{"type":"Buffer","data":"NKre9gEKqEXjgJcq1HbVDMQjARArnExvOic4lGD6AQA="}},"5S0eB57qKD9A8zQCn75QhcuV439E187W6918iMUM7W0=":{"valueMac":{"type":"Buffer","data":"ALDDRatJcIMaOxBmxXZBgnMsf70cZ1ouOw+R1bh6how="}},"KI6mPCcMX09ntEScpPlo4uze6wT9c3p/Be857eYD38c=":{"valueMac":{"type":"Buffer","data":"up9Oh299leB7Zmw9lHMxgd+baE142W2PWdUNdMfireA="}},"aFRFtMDv/80uVvd8Q48wOteED4ISvpg1NLLMj6ze7mg=":{"valueMac":{"type":"Buffer","data":"JzJmBxNuUsYeNKtoWtXymJDQqzxhYw7RZ7BoR8PZeUo="}},"wvUcF0iwzl1CSEX0McxBC0dxKFe7SwxGTUumxaUYlLs=":{"valueMac":{"type":"Buffer","data":"W7BX4ufKQexhq/9Vu6ig975tXxxNu/RkfYmHp4eBULA="}},"ItsQ3aClNd1ZQQGknnXRG35wtSktpbPoJNma/JgS4/c=":{"valueMac":{"type":"Buffer","data":"NlPSLqWmZuOKgqYFwXH21yeRFS94UlceP8bUKfn0aN8="}},"DZlx+PKIY84ULFrBccnC8s2GlpHRvlY/xY24H53t4KQ=":{"valueMac":{"type":"Buffer","data":"HFeaZ72vszJ5uIx4aFxu44gsESB9SUnbDxkyiw6xl4Q="}},"y3yMy6JMOE0cIMCOWIrj/NlaC7cUyF+BDZ8UKWq4VPU=":{"valueMac":{"type":"Buffer","data":"NFVkqqAgFPYUfXv+/n/xJGHZDbGL+5QJShar5P0MjgE="}},"akeeZ0yT6gvkRvzXphNxbn5rKUJLD1giarxAo3Gf2qw=":{"valueMac":{"type":"Buffer","data":"rzznK3MqOjltann9XQxCW4Y/uZIqANalbUCv9MUPyrs="}},"l/BOL3JMuRsVkANuS5WN5YjUirA3zuvedEMyLUq019Y=":{"valueMac":{"type":"Buffer","data":"soCm/CBRcuLlSIvazCPR9ntkkLgr3SOUS4v2SpBfK5s="}},"W/fCa98ZGTAdr74wWAhIc8v4u5q8Qw6P9uJyDMiOqGw=":{"valueMac":{"type":"Buffer","data":"R0pPl/tmu6eJ4mBEfDvhmm85zG9YyXS/APTYphX6GQU="}},"W2OLQf7Tqr6c2Sl1YkH6gticpSJ0opn4LrhnjpcC5nI=":{"valueMac":{"type":"Buffer","data":"reCbZDpavcrySdnj+8kBrcuQ3aAGkP/rhKWRQNKclZw="}},"5LTM2gycH3EdufY/2ZIJUPvzusIuOIgMIm9b7TjxYhc=":{"valueMac":{"type":"Buffer","data":"bLYN10d302RP/czzKzuBVbQxDoBerz7AuYFYmFWioI8="}},"sym3gMluMC4M64hOPyUh7NMiUe1Ql2bYCEGzxaDmQqY=":{"valueMac":{"type":"Buffer","data":"mk+JQwC1DoTIoZjTZWCvQV4fx6H7Z4iw6QeQWOsNZNw="}},"gqxYOWjCQidT+UBqnaZS6SbpfwDIxdDWsY4c/Bg0Wbw=":{"valueMac":{"type":"Buffer","data":"50niUlK1u1isLjloQebIrxCmK6OoNyxJ95lAdWDX5Yc="}},"Nrl+8RD1dGNxw5SnFw6JfkDNXQu9l0p57K28lP79oe8=":{"valueMac":{"type":"Buffer","data":"d7dYwA4Jwe1lVtfYiqqeayNJLnGhzDi4hYKC8vVMfHw="}},"Mu68U+rgtldh6xW3J3ZdRcl40qhMhwJsz1JuacN81wo=":{"valueMac":{"type":"Buffer","data":"cIoRk/anui6yrieZRZdSrz+3CVoRNiR+XRilFaAJrFY="}},"tfGsZ1tGQF/b9wZb408FFF1Nh1gFFv0WOrHx9Hu4Sss=":{"valueMac":{"type":"Buffer","data":"CK0hXM2EDblxixD7i8Hget1AAsZmkBe+9YA1dKj/dhc="}},"IqteJx43iYTuVCZkufsES15sJOI0PfaS5ZC9shSjzL0=":{"valueMac":{"type":"Buffer","data":"gK5L28wLuYnwkBzqBQU2/uB1RgH97+zmFTjC5zXVkJ4="}},"pJU2YVz5LHG2SthjNJZbZ5kfzG9JCR0EnhR4c+brdP4=":{"valueMac":{"type":"Buffer","data":"FzhqQcT5lxHgsQbsufA+5ddVU3aHDDyAAOSPGlq0vsI="}},"9wcgZfRCrL+tZC67bwvjUEZ9sbfmRI2+IrKZ5UQHZcw=":{"valueMac":{"type":"Buffer","data":"suGp3PiFU2tKigoUT7bBI9qvqS1EqdOTYflGaAR34TY="}},"1t3qrwBxexS/raLgEbOq75FUFTKCcFqB7HsvSMCv+tg=":{"valueMac":{"type":"Buffer","data":"6u83i6AKGkAcBsJFTwAbcPnwFf/d8d5NV7f6tp9dNZU="}},"Bsv619t+UB74oCosPMbkDzO9SNh4WF2rmY9qPWN80Lc=":{"valueMac":{"type":"Buffer","data":"oUEt4QzGW4mW3kXj6xCjP5nSYpQ887YedOpQXviqOuU="}},"Ft9BSc7ZiQlVdj00744x9u9in9E8mJyewi/nqbfvMd4=":{"valueMac":{"type":"Buffer","data":"W4rHSheU3YebrD2heI3Uta+xu0VeS4q0jefgfRni5Uc="}},"gBnANMzofkT/CijFzTIqnmphtAIjqAcCdpKo9PPM5AU=":{"valueMac":{"type":"Buffer","data":"ho9tk2Yk6foEusAsKFCeylkbnbaBuW4Nl1jbiB7equA="}},"8ApT1ythwcbAoDTwW8lNTSm/zR9RFt18DgBmZsuJOOY=":{"valueMac":{"type":"Buffer","data":"TsDLfLLgRuHEaijVxdL688tOu6gVcippT23NCnfCpBc="}},"TrmqfnM4FwhWiRtlX9Mi/OWnAnE+T11HSilQcFyR2lU=":{"valueMac":{"type":"Buffer","data":"zJ8BU8ZHX4o/sKoniJsFeia9adA9SlWM2ILnpmvQzjI="}},"6Y2JCZUAJR419AuU19J8mmOXeBDm1nYjIrI66/RTEes=":{"valueMac":{"type":"Buffer","data":"xS228tnHcevk82nLYGa3NhoFaadJl7bJpUHK5v0tWVI="}},"tAy7JYqlWmnmEOSRVB1tbjNiRnhh+OO2vHPPGUl6HfI=":{"valueMac":{"type":"Buffer","data":"WO6bE3M2gR2yyNCiNeP3JieDQQdU4Pst8S9fcja0EJM="}},"dWU0QR7w/i6lkQkZsbCBuG7XR5SOJK19V8TqU3XiQ3A=":{"valueMac":{"type":"Buffer","data":"GGv0BpAOqbeMqkZPHsvk/4QIYHkDFWOS9DG3EoCvy3E="}},"s79HRdrytAG13Bb9yYqZpbjzPmwTyt9t6Ll79McUyqQ=":{"valueMac":{"type":"Buffer","data":"Y/hpXjHQ+7KtNI4Oe7Ula5r5tGEBa51bKzP6WiD8NJs="}},"UAyGqiLaqNNgu/oS2NYedNjL1qScnU0J+BJcFP8JFx8=":{"valueMac":{"type":"Buffer","data":"m7kPgqA9jzKBFXYvuUA+upSLAaeT0I4SzaEq7DjY70M="}},"WkskBesaD3GZYC9JzSdU/kSITiVSF6YmypfyTMYuIBk=":{"valueMac":{"type":"Buffer","data":"ZKenQ3AgDM2sPxPyfq5b4ATnZMWNk+urz3mt9I7OT4Y="}},"ht5AKI/6vmfx8ONWTlSq3jK/7OJhzwjdzSBo2g2q+mU=":{"valueMac":{"type":"Buffer","data":"EdFXsRSMbnJN06zQLfOHdjOn3b/n+hVqob4C2jN3MBc="}},"KVorkAWFGKx8jhq4Q103wxgcATiXr4Uytt0hX/hVrwE=":{"valueMac":{"type":"Buffer","data":"+lF09fih/nG12TIe0nr0wyX8l40+jPyd/T6o1Xauhgk="}},"Km3Lg23AXjus1RyZgy0PJwmFgHjJct6qV9EDOHYswcE=":{"valueMac":{"type":"Buffer","data":"4WX+eRDXyZp3VxCIOG5b5823VR/cJKcI/AHT0slH+hE="}},"buIvKxA7kGu2Eva+s9oRGc8cGH3ceBQPf5ndmAn6rvE=":{"valueMac":{"type":"Buffer","data":"9GiIr4yp6EKFyMCF6OebhtfxcgwKwn1ZbB08v0BnLOg="}},"I+DRmL7Sq4oeHaPAW/cttC3zSdB2srkgjeZBmE/GTMo=":{"valueMac":{"type":"Buffer","data":"Z9LEc2ROS+DomCMC1U+IBsgvBtuzo1gHrvGkQFbVr84="}},"TVXJo3C4FKwoN0l3meU/9OOIeOB2gRUTnBP7u6hTOdU=":{"valueMac":{"type":"Buffer","data":"5EWV08jP/5Sz/Qbywh79KvcHLpypyY8TooZECanDeCI="}},"Z/E7ckjh1eXvqVu48u4G3cVoQ49w3EzYk7iBctjZ750=":{"valueMac":{"type":"Buffer","data":"/Ajkot6+bllqzstJTCyaLlWtIY2qMdidYjypHOl/wvA="}},"l8QgPKnbOcYgMaTctYuKn5htGqgD64f2WxcFxtmXiyk=":{"valueMac":{"type":"Buffer","data":"+mGyoP9OVWW/F+CYnrDh3o6/0sDImPqR6gft8/HKpSc="}},"HIzH+AZ133TjzGatgxeyPnE57V3szLQrD7GOMXn+G6E=":{"valueMac":{"type":"Buffer","data":"scfVhL5cfC2vzzRz3A2i0HPlbEuqNvzsQRNNlDD19ZI="}},"lChBkqlSl51SMIf0lpqAe71YJvN6swcEPPjdE5/Sg2U=":{"valueMac":{"type":"Buffer","data":"oEwAXoFMfZ5Mpy6Z7Q/Ho0dT66oewzgz8s+BSdaTRvs="}},"2go6lnBbTZ4O+wnFRdm+tZKe/gmYQq42CnzpJGkqUTk=":{"valueMac":{"type":"Buffer","data":"7KFhgLP7oD+glQdyyobI1qxJl6qcCFgWoSwiNfV4k8o="}},"DHGLcpk8qd5q9ydEd8jOqr2YhBC7i0KhW0FDUlZ9Fqc=":{"valueMac":{"type":"Buffer","data":"fRto4dZ2yBq0PTUFsn5/uxx+3+b6sPsk9mn+OAXo8Vk="}},"eQNCZdF/byTwyjXginsMioWCew09gnyB0O1WwLNb4P4=":{"valueMac":{"type":"Buffer","data":"YRGNbrj2R48UOdl8sbjXvcF2VNMn8qPu5sSIjWfajHw="}},"JM8kA6hZWJmR4/+1DWO1RXsNQIK99AI9HWaNkrqEdpM=":{"valueMac":{"type":"Buffer","data":"Vtetg7cRh2ZyTHkHXCK+Pn0DtZ3f0IrwZ/l/G4Y97wo="}},"ueKc6mdG+65/pTV8MNDaLLzaasHcaaAarvamkVgKpb8=":{"valueMac":{"type":"Buffer","data":"gZk5Uw4VFFEaTE/hD7JvvOsrjuR6e8Piu78d0W/nKkk="}},"MQrzQnmFTY13JmvW3nOjsoPsipy/AKinuh3qO3ymP5s=":{"valueMac":{"type":"Buffer","data":"O3IYugZCLAFXWtfXWQI5JzK3F27fwk8zj7ZQUTXuZwk="}},"L8b4B6A/rYZORnZAAPgwPdx8YBebnDQqkf3XKuy307A=":{"valueMac":{"type":"Buffer","data":"uGg7jqX/+hAy77zxVK4GmvtKj1sdb6kvrjWCB7w3IFM="}},"flMuJU6PrP32rMu5J9wzu9r4FVrvsuVKdqX6ML4jI0w=":{"valueMac":{"type":"Buffer","data":"MXnIrbX+3zujmsMIkDo+y89wE5Mv11yTXxyNIbTE9jE="}},"xbSuLykAwK4y5zVeFrA0/J9DXCI/mW/OUZCFqiLeBxE=":{"valueMac":{"type":"Buffer","data":"H+daeHqOaCOFCXXzf7smq+4QfL2AwCYvmvXVxgT5Obw="}},"VOLkuLSlWkEJldz9wdAD71RyiU3dYlLhUztukPv1m7I=":{"valueMac":{"type":"Buffer","data":"hvxO8EaepAOngeJ7rGNFXNKpgX9wDBJEb7i4sIOXyJM="}},"TFwHDD4ZPQDTfCs1RXOBctv9bO+y+dygy3ZnsBLf3/I=":{"valueMac":{"type":"Buffer","data":"8hrkxXSkGxDk3X8CmgtmFMKlQbGydGmuwGGPxjpO0O4="}},"A/skkTHE5rSnqUxEbhb4VftXpaZxJGwTNb11x0119gE=":{"valueMac":{"type":"Buffer","data":"enBxHOPWXJT6hnHgaL4sTeY0WcNJlNA68iJuN4eOWCM="}},"i2iOcDTTGyvQuiI+UGbQLrKUHCT17YsDnE2+Q0SqynI=":{"valueMac":{"type":"Buffer","data":"XeTdhDXzrKIHE3rL5YLE2bW5KpEsif+neQqDhMHc9kg="}},"8LCbvSXDsYocbrPh8h6Pp7lOyEanzW0GBjT8uzogb/4=":{"valueMac":{"type":"Buffer","data":"NPZRFNXfJvpl88tH38N2F0Nft5enqRD2tJJOWSUHOh4="}},"frN9HWwqIRbK5QXplrBxV5I49UgGlXnym6cLQ44sWio=":{"valueMac":{"type":"Buffer","data":"M4UDY0zyMf2FN7wwHyLoY5+uVjXmFQ4FpPls5YpRHSM="}},"19PHCDMOBFVR6Y0n7qWdSsBlwD7NAiijB52qFgN9Qz0=":{"valueMac":{"type":"Buffer","data":"P9TcKu1Fq+J/VfRtqxwLnI/scZ9x2+PgqwgrM5ef0Yg="}},"N3ODzZumHH8Rib9bhOwn4aZyTFTzGHy74+TS6BOno0k=":{"valueMac":{"type":"Buffer","data":"76X4gZtO0Yplj8QM9PeH4XD3Z/xv0BI/sQ/g6jafxeg="}},"durnKmkW8yoAzi+DX8CKkG1x0dUzZ3jYyUUWQ3ewgxo=":{"valueMac":{"type":"Buffer","data":"+DV0L7R/yqgLCUqxs4D0slEyJK4ELkacbyDYANDFewA="}},"5K0+z6t5U0nLg6LWSH2Fc3csq6pzxIC+XemLfM99s6E=":{"valueMac":{"type":"Buffer","data":"5CPxcNUmkwR+LR17KGNSRdZJG96VxNMo6BJKIs35XHc="}},"45mVmaeGlieMvL5k9d4jSDy31S/kQvZZQKjrS7u1DJw=":{"valueMac":{"type":"Buffer","data":"tBS22Hiwq1R9N2qrL8uB9DZEsfBx7kAMXfuKl56kGng="}},"KrjgjVz1PMcs40m3gMoIPwEmCU+sGbeXH0SXv1dpewc=":{"valueMac":{"type":"Buffer","data":"4MUCSsbGy/QTlMOYJNjRVB4Br9lbgrp6DnxsEqpI83M="}},"up8D1efv3XeCaXIDTuyTV8QzJO+yMrZjNwihMUHTu9k=":{"valueMac":{"type":"Buffer","data":"IRJC9djf78FMO9RqWDfdPdX4HQSegwc2WrpoDTFQIVA="}},"XAgYbcDuPJTG2eVSvTsRabCBOmfLtIpIcBn8ShwxwdA=":{"valueMac":{"type":"Buffer","data":"DvbvN+Bid5gF3CBh1JPy9XYQIrrYEMRmzXYPIHwkkyo="}},"GvWF7FwGj7Dg/sixVJtaRaQOKFuQPNQBo7nBEyER0R8=":{"valueMac":{"type":"Buffer","data":"1pm6kvQR+gSs6mevUReTS6NX6S/j+WWin6VCYsr0blQ="}},"hnOsn1FsAPqM5a1B1jJYa8iNCSGxTsYukZDPdE20WPM=":{"valueMac":{"type":"Buffer","data":"zFWob4VsOdNUHqRPjdBQsCJt4By/AE6KcTD1xONrma8="}},"fFTUP4XbO0rCvaCTX5vTWJIipJvoTVZaqQ/iIQdCZbc=":{"valueMac":{"type":"Buffer","data":"z5ACeX0mUHZ6Zrti6kP84+OKHRZl5l9h5/esiP+ZmYE="}},"MumHBU2yJIOcr7ReF4n2+FyAbUPnEB5KLIbi6eskN6o=":{"valueMac":{"type":"Buffer","data":"Q9Z+o9IPTvxmcOLfycpZLRLgJnEaaqpyvFLBOxJiEqc="}},"K3kuBM5Beuut6HNvZPnPh72WC30xnhElFO64H1tneuM=":{"valueMac":{"type":"Buffer","data":"z0+reo0SBMpVOOCvZwSAirKdXk5YqhmUaeTvI6wpyog="}},"6YMy99BvHlnkSrxMKFK64PGS8caCmm5Ipc2HSrrRZBg=":{"valueMac":{"type":"Buffer","data":"BCaKOdRNlgi2xYINUiIM+O0Y/rvIDkfynQSBqvpq//E="}},"XUQ1a7BDi0oonWyQjNvCdol4M9K1+/eDq+Ir3YXjsUE=":{"valueMac":{"type":"Buffer","data":"LSlsJRvZOtjbid3tC4c3VI5iDI916Ng+KoOB763/Jrs="}},"IVfwSPQf/QCH1+a5H6vp6svcN6LMHDn3DVGf3Ho7ix4=":{"valueMac":{"type":"Buffer","data":"c+RBtuRMreFrwtcGO3H7gNih1S6NCpj0rIEpz7beL0c="}},"iIo8U3tPW8Xvi0CNfeUAZ3zdS5kc9dLeQcppr6qbGDw=":{"valueMac":{"type":"Buffer","data":"8LccRYRmYFGgzaV3UQol5qHYNiGPh3r3Hw7f+DvzLvc="}},"H0ndlfTwUaSMSEfhQQmY4TthCwQzhSqeAwxjsM1PFMY=":{"valueMac":{"type":"Buffer","data":"1wjc8VENkx43HjW5ap89i1VLHjEqjeZv2apT52S/5ys="}},"KS6X5GiRALgjEDDQNhP63s4w/PAQLNA946rcqtfBQXE=":{"valueMac":{"type":"Buffer","data":"S57QIkcK/wvP066YVYybRpvp0r8yop554EK9fqvHHXk="}},"sPEW1JQFKGgi825gcp/Q1si1LKiuPAEo3zXntnruXHM=":{"valueMac":{"type":"Buffer","data":"KWVes0WkvAU03lzkz9lN66+hur6LtGP+RNngxaEx3JI="}},"QmyjsfGf4TBqN55osn62I+xhMx49Y8+9Qi+gkU21hXs=":{"valueMac":{"type":"Buffer","data":"Di8QKvbtvB7pt0dytfYB4tuAFOpKK+dgu6w3IcmyC/k="}},"jNPxI8pS/61l0CRSCK3HQMN71W0Hi4x+YMbwZ+hbngY=":{"valueMac":{"type":"Buffer","data":"rexnWxTTBVW1TWO9s1wfqSJzNq37HjSe8YQnK/qOtZA="}},"snWqyhW4dMxSkRNWSoBSP4iAHRZD+ZJHnO9FntNoywo=":{"valueMac":{"type":"Buffer","data":"efOkEeXwZbKzEqYliB79EtuKdvVkRSP+YnaPGy6FxAk="}},"GXwTFfoJ3XbeVCCAopRCcfylrcWXbQPbLrdC0Zu09mM=":{"valueMac":{"type":"Buffer","data":"EmmPusgsVTu7vZ2DdEUrJCDY1WFruPS5nzoyWIalrWA="}},"WPO1fXexQAoqPvWYVn3gCByG58V7WJ/JqdJ4GZ6Wo3g=":{"valueMac":{"type":"Buffer","data":"Miu7Si9C1SfRzytFerMRtqzCnDO+Gx817CbxAmgZ8uQ="}},"4QXJv9wiPx7tDeS4HnYE380/VcCXMb2XFrtTvJwmZ+c=":{"valueMac":{"type":"Buffer","data":"ZO9xchRcbekb5a8ZXvRzgo1Mf8qDcJ+5aiBw77U2/ts="}},"YlGvy8PjWuZoZibrf62hELGTf5TqRk6etazrNjfyAqU=":{"valueMac":{"type":"Buffer","data":"OcTxdetAm1V9LLaXCRHQRdPFZAaWGXd3KJwV2R+E6Tk="}},"Rl8+JqIRm7y9MEsmOT8crDRX1X6sDzQbxdw0qaNc4n4=":{"valueMac":{"type":"Buffer","data":"5zi++tHPH9OeKhnLB9nO4ZhjbI9EMXMr1nZL+kr2fro="}},"NYEt4xZ34IraBuchdzt8hZdBgjSa9mH8O9Ev31rApbg=":{"valueMac":{"type":"Buffer","data":"+tPHRzLYvRvkvXqBF6y2c8CPrmYP1E+UmCKeo0ZdA4U="}},"i5gFtSXVTf/cGMpGw9Ac/oxu9RHC/sNyKbbclrvLxLM=":{"valueMac":{"type":"Buffer","data":"FCgLXD0NbQ+ODx9KacL4bN8q1Wcq+3fIKlp6AUhocoU="}},"DLbABF9Ths+YwzW5b0Co2y1BxNiwFfYkhWLjTrxcVq0=":{"valueMac":{"type":"Buffer","data":"U6vB5vT5ZMMOLx8icg1Qcy10D4oEE15od0DE1a3qFZ0="}},"BcuMyevBcKqWclp/2yN5tIPbwhXyLxKO9+mpIwckX1w=":{"valueMac":{"type":"Buffer","data":"/MzsyZ5PsMFUXiIpn9cxlKSU3Qssoqgjo66VvNBVZdg="}},"tN4nQ0rrhK5CgTYR4sxahzpSW+RJz5+ycbFRJMutvFA=":{"valueMac":{"type":"Buffer","data":"+m01xZLB55ISfi42iapve6kVDutA/gE50PDEK0PZR6g="}},"wc9Hua/RwTcIBinHg1X+iWniFfC1ZVByd4j6XJlEp/4=":{"valueMac":{"type":"Buffer","data":"DN+0eIF7flWthGOJSYQBMQX2oSmDD5CxhoIYAHD5Cxo="}},"5gXtyDhm7UbmQ9j31M3O3hzwBBtTxqBtzCPr0hjkCeM=":{"valueMac":{"type":"Buffer","data":"JaNtR7LrCQ2TYxa8WAGizOxA6EaBv3nxM0ErGa/+hZ8="}},"g8FZN/uM96Ir97G5wJkMHuBOEFdGp7aIVxpSDpywJi4=":{"valueMac":{"type":"Buffer","data":"qCA15daI4mpLlN3Bjl6Ko/z2BWxF7Wd6ndL2bM99bJ8="}},"6BovCRRSd2x6UURedcr8qe3O1KcwmrzOz/U3fxMCWWM=":{"valueMac":{"type":"Buffer","data":"FkFFxR9X1J3bWTv88aQXbrlABNv4kdnreGcGb9JRPv4="}},"3OPaqMoJ45B9G683TlHpVhrVH5OR4W6ICVkT0YEdt1U=":{"valueMac":{"type":"Buffer","data":"lGKXRewHv97oTcPNc+wn2fEn0jNm5xMpt4PD5FG3GfA="}},"1jCzTngtuWLiqtQ2vqoORc+giF7XI1o+JR6MijhEKng=":{"valueMac":{"type":"Buffer","data":"UOn+0VwYcgojzS7YzyKiFRxN+lSDelffYwMa9MykQIU="}},"WwHxBMpta5a8J8Y1mpZdq2Xlt/0qMkgIFUpPPAFwtuk=":{"valueMac":{"type":"Buffer","data":"4gLbfLtdSpqDXoiw92HBgS627CFOKPlBo46CRpV2aDM="}},"7FRSFXsPcuCtuWBLqXKQjCEyCxogAN1XQYVLgvF2hBc=":{"valueMac":{"type":"Buffer","data":"7t5Qr6du3RTkTMCRQmeVY4nD9Pvd04l3X6ZRsgIADQU="}},"bqnZfeOnvQSxuzqKIjBDUoTjLz8yjV6XULknmk/SASI=":{"valueMac":{"type":"Buffer","data":"eJ9InkDtpkz6qBtbWmYqhyt+G/goEwZq59e8MiSkHaU="}},"6ptalRPinswKZvhistTlPsUR3Fg5k86ORaCBWZujZYQ=":{"valueMac":{"type":"Buffer","data":"9TSPrRaERwE9bjb6K/8uAVR/rH1yICxBsWdzBbZOIeg="}},"L3m1dSPPVhAiBrzFupf8DFCRwUxtA9FZb5y/zx6HtqI=":{"valueMac":{"type":"Buffer","data":"VYl5hO2S3/uoJEg5ys9V+2yn77cEsKMGWk+S9/Hhhe4="}},"AqQETrB1l7mOt+CX/P9oY4ZPeCkUTwCmXUlMTA/6mbY=":{"valueMac":{"type":"Buffer","data":"GT3tB+wnVN2skecb0qFhxt+NUGnxBLwOm/+u2oIQFZA="}},"8/SVwwC4gKZzxcMHCIrG/tM6NTGLZhbz9x95bAhbuFc=":{"valueMac":{"type":"Buffer","data":"Gml5YFZLv3ZWJg/fRTrMC3w3M3CsAAGiHmQmGKuDT1o="}},"Wgjx/0KBC6SbiFrNmsk6a6st+FRpXTTrDO3CEDYlfA4=":{"valueMac":{"type":"Buffer","data":"WIo7UgnKDmMAhqyfwjZ/Zg+LydKa0QxMcpxVfGdhi3Y="}},"IbKHjo0OVs+kA3E7/gttHNagv7AqaJc1YajUZpsf43k=":{"valueMac":{"type":"Buffer","data":"SLSkwabsKnB1bgNLTqqbPUvinCGwsRiv5+LnxJGz2eo="}},"rUnEF+ZPfRHGix4SLSB9VffkjaI2ElXxoxmzhNR+dOQ=":{"valueMac":{"type":"Buffer","data":"dVv/xd29Kkzn++B3kN62ymbib9sZpG1+sVrhDvl+9Gc="}},"FZUcDVBZeaksHUyIQdn84HEipAjhnO2FGJcdOlyGwiQ=":{"valueMac":{"type":"Buffer","data":"iz/td0a9Daf44Mq2+2IfMhvPP82f5Av+y+8DOK8eWNg="}},"nqjzLi7KaUkWZiQhxZ84BTo+plDdkyFJAPk7sLfuie4=":{"valueMac":{"type":"Buffer","data":"1oEqHFACR0hmWh20s/Ixm/qj/SC3FkbMVmLpta6tQfs="}},"9XIkt4xz6vmNJXPlcm+uWHf/OGGUBcSrjmA7opjeBf8=":{"valueMac":{"type":"Buffer","data":"V2+MXmC1NTpmVLawe5vYRxoyg7tRUtPY6Po1cSEpRYU="}},"95395EUsjaT+M5M4PTCKy+xJYXSs7bWpfrBKJVkvaQA=":{"valueMac":{"type":"Buffer","data":"WEPrIoQH5pq1oDGUen5AL7mX7cE/O/GRCxFxUNeR8Tw="}},"7FKCahU6znsDAS5bjP10cFdYYwDX8zz/ul88dIijpg8=":{"valueMac":{"type":"Buffer","data":"n8g0gKLmmpA4y2h3qab+N5PdY9PvEPpkMnfd6W57tuo="}},"FAQLhtJkHWTu5CYPIxCfrI8ukJ/yy+/8svIgiXG2BeI=":{"valueMac":{"type":"Buffer","data":"fgX5ZUpbl9dii5MreLopEjHx9d+bbzAssGADYhdX+JA="}},"fp1Le6YY4C6qjJibmIdh2F09H1/uQN3qsXUNELF3Jok=":{"valueMac":{"type":"Buffer","data":"z4OWwrjpulGWZTphWC3imYNLWLfnL4pbryWotSwoS1g="}},"UbiHLLaY9cQaltSKsABW3xEcGzv9eVuDChZyaVhZHDg=":{"valueMac":{"type":"Buffer","data":"gW7HtRZOcX2dMKcmuSnJ0uevuYP0PQVcSbyIePxmUP0="}},"MnmrnivvNxSPUVQtXMMDp43qLTLLWYICehAhHHE4ZOg=":{"valueMac":{"type":"Buffer","data":"aGFZe0iwsaIpaqR4TJ1eybtaJLtWtDB+Im5HLjblWqE="}},"IFJP5Q0ca00CE/ETvwEk+ZWMZaP4LF5/CKQgnDd69gw=":{"valueMac":{"type":"Buffer","data":"D8NVQhFHg7uG23Swnl+f3ErBzhwO33rSk0gfOKEsOxI="}},"YuzxIAp/mdDo59dzmBAEcZoOfrYymF/6TvyA3Iuu4Y0=":{"valueMac":{"type":"Buffer","data":"ZqR0OSSDep+Ek5p+vvg+gsuoAKtTQdfnM8DBHB0EDUU="}},"nLHk6lqgeJSIo5g+wP8gqXF4di+Nr2K8cKX7LE9pkiU=":{"valueMac":{"type":"Buffer","data":"+hyrJdibtB6clCe7eRuhcgAFZs0Z5PbQDnNsZdbUYJA="}},"9OfBE1yEzx9xs/nD7OavMawHwwSU4L3bYtXDX7qO13o=":{"valueMac":{"type":"Buffer","data":"n+n7IfyoGOs/PXSesoIlbKd07G59ADIJfZyHl9uuTXg="}},"LMDA1gTnPXmS2BSD7cz1n8OUxqywdz+lCato6uCK96M=":{"valueMac":{"type":"Buffer","data":"5BJTs1z73wb+eLP29dQmmrPL5PWDhYKUhXIonam44DM="}},"wRN8DFyttZeNHoFP1Yh1x/kdSPD8HbZAX5+RRObZMPg=":{"valueMac":{"type":"Buffer","data":"nm+Bdzk1K8e0VpYZu4LsQ2TWHWSQbhB1qxWnw4+yytA="}},"saqOHjddGgcjRb7c5JeggiG72W9FaVVM39xXpYE8+z0=":{"valueMac":{"type":"Buffer","data":"FTp203hFJoGpVVhJ5m05beh064sBpy19VVfTyujI1EA="}},"YeXXrjiYNnIoWuV5GJb0jB/SmJ4mxFz1a5Q9R0fvRsU=":{"valueMac":{"type":"Buffer","data":"KehtnKtv+lXuFigUw9Jw8kuJQn7R5WK2h82cnqxh0pA="}},"H5e7w3pWqyDP40b1MzxYRpESHLXBQ+yJ2RkqPNZ3pyw=":{"valueMac":{"type":"Buffer","data":"bBq2h1D+rRECNvGyi3wLc4b9+YiOiyYMDNgVAVdrkbo="}},"zUdYPhC+0ypxI+Q9jdDho4L/QAvmLTAFolMqyhn4U7E=":{"valueMac":{"type":"Buffer","data":"QgfnYBJ6+t6FXh2N2Y3rJXT+TAZm277DcNYrcpgtHF8="}},"c/0PF8doOMgX5LfDREYz4bGt6eLOgYvJNqOQCixCqbE=":{"valueMac":{"type":"Buffer","data":"akJ7edRSlUgt309T0AW25UZiA2xrbKkuXuzcK+EPC6o="}},"V1ghKgQ3aP7ToS4yCS8djmBCI+rRINHKjXArMldlHxA=":{"valueMac":{"type":"Buffer","data":"DIKDnkb6QC3REqOj10zZn33ZwCLobgU1z09Vgo7HbAM="}},"dwK+SDkCT7y85rg3k8TJEAhbd1LpQlUjJFKgM1OnMvw=":{"valueMac":{"type":"Buffer","data":"eFZO8ONdY6RoIng/flHJ5lqHNCakqtZ9wBS3pBwm7+U="}},"YrLSF0zDJPhDQVNPXPANailSx7V//iDmRQwZYmEjlEE=":{"valueMac":{"type":"Buffer","data":"pfZo7J6hpuT7ntOzJZ8tCOs/G6Rf4dvMQFdNIflvfVY="}},"9ybHBhLt3in5G6ImNBmElqEvfdEba40IZcpzvcRFASw=":{"valueMac":{"type":"Buffer","data":"mFbwtZDcI6THpSqe9bAmoBcXSEcnO5zYXAmtENC4KuQ="}},"jL1OrPZe5+3Hd5RfdWc5qVGfZWYfbZLmXYb8OdNOSus=":{"valueMac":{"type":"Buffer","data":"2QedNxA55Mf/TcYoVJSRRBn71c6TQtj1Sjc5SMEoRkE="}},"oINbWJSNPv5ucq1vI/mIYIl1Xa0F1cARpBdjYGLqr2M=":{"valueMac":{"type":"Buffer","data":"BxeCE/ZTvaIDQWCye999Jpcls0k6EpBe5ngJHsMlTkk="}},"W0i2f9Jkovl2jwhUj0nLZA0gbeN4I2vZN4LePgl6T6o=":{"valueMac":{"type":"Buffer","data":"ee7yojkB/hFeMinG3E+bF64+EPD0U2p+zIrcB4KmeZU="}},"qFpLNeLQgi6x/7fl9xchsd5JzvZ5nb7DaPUqsAqkmHo=":{"valueMac":{"type":"Buffer","data":"zKgy03POKbvdY4X/eVkhvLtuFkSjSJDhGiDXkzpnl+Y="}},"fo+psSGuNzSAkuAZW2dpODrJ+GK1OpE/MqwkKKU3uXY=":{"valueMac":{"type":"Buffer","data":"BHL1/yxivrCLnSweVmZBXKT8uijcgJrpM16r2672WlI="}},"Eip74cN6oI7ZxVfSvKv1r2k1btQUEnuGR5IMzFIZsKU=":{"valueMac":{"type":"Buffer","data":"Hn/0IE5hu3TU+gIZGBiDeCjw0VXR+xAbErq3SNPkav4="}},"6vA3PmOnIhUmrVVBAwUbIEp8Mn71/0NvsNH9wPSaBGU=":{"valueMac":{"type":"Buffer","data":"kZIYQdoPkUQLcmO7J2j1O7cOhs8h2uKwgNllykwx6Gk="}},"I+4MjkJ9QCYNRIjEw5dIwYdheRt5wvun4F+HwT9T/go=":{"valueMac":{"type":"Buffer","data":"WLgDIwfy6JDL0BmJiGyXxqCcYVKCNmL8X97q3guyhTY="}},"yDJ9RmnZbJ6YBFFB0fogEF1RgTdjlFaltG9bkGvVdco=":{"valueMac":{"type":"Buffer","data":"SJFP61rwGp+MHzjJPWZmabcKk8FJsqtwQNmisFTKDPQ="}},"NlTUiwk2pMdkACf/mFqWBH1UOV17+0OnLwDUpcQpdJc=":{"valueMac":{"type":"Buffer","data":"C7nJ+8RR14JK3o0dymCxYvkuJ10JvVDVYMEVn5MzRG0="}},"uKP7w7yizBxsZyjYapNfGMCfu6KEfsXuEUF10vL+MrU=":{"valueMac":{"type":"Buffer","data":"U3jlwgmDReL/CvDKIwxSGWvlAQZvMR51wURXN1xj38Q="}},"y5Ler45UO7ZLUYOK+DGPaZapL+h/pHKvGwPgPo+293I=":{"valueMac":{"type":"Buffer","data":"F/gu13LA0SiIVw+2KiDjW53Oi7i3isCmOj+htvQWEsg="}},"pEYcA5TnH2dhXj0wz8bRsj6a5/JuHmfCqSFQAqquuPY=":{"valueMac":{"type":"Buffer","data":"zWCvORhNNSf+RFfFmZbr/ge0kb3FmpjJNVD+ynJA2VE="}},"Qohk4GdAfYvsJhg1fAs8e9TexQO+Tzr9s3V/uUK5pAA=":{"valueMac":{"type":"Buffer","data":"y/O5KeOyoE7UCrhlkxetm3ZhsefFUyKmFjJKS5+Eu88="}},"avdGteMTmbZ3E1/+aVo40EIrnjmwbTHlzeDULpd69CM=":{"valueMac":{"type":"Buffer","data":"X6iXp7sy5uLscih9P8cCoCIjBWIaBy5SqoUCC4p1DTA="}},"FTAJPpX/KNWAZT4mL52tK7Hh+/GuRT2X/D02Fcswdas=":{"valueMac":{"type":"Buffer","data":"L5HCagyWMPVN8h0GKFl46/Z6G+owyCMCm74PPwYxTKM="}},"+tB/kk3xVYfZlDhbX/jrrqrAh5mTd3VAx+eSnBa6zdI=":{"valueMac":{"type":"Buffer","data":"Zm++Lib9FMJmQ/BlU9PHSSc4chqyJu/uL/1zDhXMTK0="}},"oUw7ZOUqOC193LxHv5qKMopRtWXsIbmkYDZ8imRrJ0Q=":{"valueMac":{"type":"Buffer","data":"Rj/QS0AY8lcKePnxiud8jxyxkvR05r9747jW89R7zqc="}},"Qiobl3jJ8+hC//3QvBmr/gR5pdlJzCMgRP9nSlmccZM=":{"valueMac":{"type":"Buffer","data":"MvWBJZtgMeEYiu4b8/aceJw8pwUBf4JsjH2iaCip3us="}},"eql0pzDdilXLLB6K0szHiZz/ugM7IaEIZH5tjI/+3l0=":{"valueMac":{"type":"Buffer","data":"3nTvDfQEIp4q/qu6yX0D5Rjw26OyKKeR2Hy7ViaJ64U="}},"JNHOodgCL+UCErzeUxf4oPDo0DgeifXauTSm3MxYc1w=":{"valueMac":{"type":"Buffer","data":"GlQUapuPZ7PV09DQ2WhjWERK3SU85/KRiO1pGtXYDMA="}},"5l7h4jUeNylRtdg5pwZkzSFfyWVhS6205gInFPKJz9I=":{"valueMac":{"type":"Buffer","data":"LIjS86x38GlV7fKy/kRLWrjDV+Zef+NoHyW4up1nl5g="}},"e9nDtIvoVNqr4UvlOiJoW+7KUSd7k8H6OdinC6qalrs=":{"valueMac":{"type":"Buffer","data":"0VFPB+H6hTHS8z9X71benegSjpgFlxRvgQS6ezBlDbQ="}},"MhEAYu/l38neb3NhJ8K1qC8F6FLhvKddmnxQXaJqC+M=":{"valueMac":{"type":"Buffer","data":"sTXaM6KLqPEXopFNSBvJE5RXrXHcKjCt94skK3xAy7Y="}},"LaF3YN+V9RQLHez186gaOZaZb+04/daXLdPcw6jpWYc=":{"valueMac":{"type":"Buffer","data":"ZfY9KrqTPckDCfT7b2p2wqEuHHG+GkQrR9lWMrO4D5U="}},"DBUnjp7IFfweYCknXToD1d7CkpQd3gEH4bSRzEbMjNE=":{"valueMac":{"type":"Buffer","data":"nzTcw6IhwLe68Ai23x1IdT9aiikW9DH2pBU2kmcly80="}},"48TAg4kxg6EQbajFvV4fwqrxxjklIBIGJ/Q8NNole0M=":{"valueMac":{"type":"Buffer","data":"LGlnsTPpbcCD+JGDXICsGcVOyEP7EOa8Y320W5gxJJE="}},"dFPYwGK1mQJwnrqsdiZjBO5l2juviPI6xxO1UyinohE=":{"valueMac":{"type":"Buffer","data":"l8h2/Eqf6t2d93JAvGAKw8etRTg43DTA5Q0p0YLYA74="}},"UwC8aJ3/1xaVuQiYDfD+s2901bM1OmCLsgKZ/hR/KQA=":{"valueMac":{"type":"Buffer","data":"uIyOKE31Nu2ZcF7dlEairOugcTJlzoGU/nKFmq1Bj24="}},"bV7/75CatUE/YFoXxM97YTvWlSFWZ3VxBXqUTbTliA4=":{"valueMac":{"type":"Buffer","data":"2JuV2S4UHzq1f/jXaFlDGy6x5vyfSGQOs/JXvI5HSt8="}},"nD/+nd6AIRU0wVDfVdUuXfEgvKsBmCaUzvGecGMp9mg=":{"valueMac":{"type":"Buffer","data":"tJa/DKhL41UpUcN8mIdjZL2rwXMYWUsdNdo8URMeJ18="}},"s/nWgn7DBmOUhwAtwBs/Qc2VKIvyWGd5owiuRq5LnBQ=":{"valueMac":{"type":"Buffer","data":"b3kF4y5Cnzfm/u+xuL5CgEFY/ISFL34VBxryk9evDJI="}},"V995/OWhRVBAKvKVz7BRLUuALO5FrgzuNBbJQI+lYN0=":{"valueMac":{"type":"Buffer","data":"p0rfcY5gFy6kkjZ7qAt/ykiKPEJFArIkw2njsU/e/E8="}},"D0oxnb1b7xAarcyLIeQbi0DGb1Nrev4hvyM80DN5ucc=":{"valueMac":{"type":"Buffer","data":"H7ubUHMQSdDqjLXtTVOILK3ELqgqYMaGbRKNnb07xpw="}},"2ybWEuISMO+DzDQ0A6IHSzkmjwErmf7MFqrvAn2jhyU=":{"valueMac":{"type":"Buffer","data":"xHdxt6pPpUvR2qt6i9N9XS6tgD2u9qiyfnNhS5J5NJc="}},"erPHgAtAy9YQ51KOkEsjGqxatdvcJoFKdybtdTJbQLg=":{"valueMac":{"type":"Buffer","data":"BvrNe/zMo8JrH+gf1OPt0bUi+ZqF/0rGYV6fxoXs76s="}},"6p8QfCTDPFPGXvxBbBP8d2MF34AX4sPsQEHXZFYnnnM=":{"valueMac":{"type":"Buffer","data":"b8Z5tJWRBjMICDxmWKD67NY0fOd+KS+rS3y1HxkNm4o="}},"G1JVzzyedgSrVcPT9nRB5pUWCxLgItwfdDHAL/DXYuk=":{"valueMac":{"type":"Buffer","data":"EIalyht5IDuyC/d9/wTiMvzVbLQ36ggZc9DIrFVCzGM="}},"qDWI/reG4vW7mu3ga9klQF2mmPrTdJhQubK8xBK0fTE=":{"valueMac":{"type":"Buffer","data":"DS01mk0+NUR6068HRnKC16rJ714NrjtDg38keDZCBjU="}},"Oy0ao26uG/PZnhwo0nFwZdj+XuPN4BV9Frd95SJpJ7w=":{"valueMac":{"type":"Buffer","data":"5eyJx/6EgHHuWnvPnR2E4uk4q6Zm3S2461ynX8g/ao4="}},"rLCTUQItXtlNWxFonesty3j2jdiNthxzNuEsbvdkawo=":{"valueMac":{"type":"Buffer","data":"ZqmftyYrg4xKZRSGYX9tjosw1lGQm0EpdpZ8f6QsIY0="}},"q2YCB3ii6r9WCM04K1wMEVy6kpd40n1Pr11DLRXAPf0=":{"valueMac":{"type":"Buffer","data":"Yk9XQdvBc1VvNjqu7279Irop29n53ry5QO/si5UQYD0="}},"M4hFBetiUNrG7mVWaXaJM7Z0D0ZkJAm+cocbZkvA/lU=":{"valueMac":{"type":"Buffer","data":"IhMPKbJCe8urczQwmT0vkK53GSCD+sBVSgzlYVV/PxI="}},"FZoisGGYel93CXXnZQPBP9+U/nW2B+57k46klJWAIwg=":{"valueMac":{"type":"Buffer","data":"ISiJ0cjEaw7xI/RbNMRa5QZjCuHAJQOolVcivvsQxoY="}},"kbIWR10dm8lABuuufVDmn6XOlYFbsxlbsjZoSSrIAPU=":{"valueMac":{"type":"Buffer","data":"AbfsH6GBFrzfCeyvtb8OmtYd/b/cbVgNUWbrPuX49HQ="}},"HAKlk3mQZr+UYQ1xmWPZMF4+scYvuzieiddus115fBY=":{"valueMac":{"type":"Buffer","data":"mzbBqTOk4DAO6WdX5lEAbVZ/0DlcybPtTL2U7cOIqLY="}},"r6H6E5Mg4JbWsawgP7xEflgfVns2vw1uHRZZE+u+Obc=":{"valueMac":{"type":"Buffer","data":"z+CLhG1yafX6S8Hx8Rioijbv2Gnnaj1MV+GZy3uBcqg="}},"1T1frLZt9RFVfELNk21SYmQ3roNrWcq/Ij/KZkEAHZg=":{"valueMac":{"type":"Buffer","data":"Oh0NiHB5KXWr23kWyX+3iLfKuQm1AHqMf1SKe+T1ZeQ="}},"amXEc765qDz/mQ/Dvt4zBtkIIKSZ9q9nnLfvlGY9h3o=":{"valueMac":{"type":"Buffer","data":"YieLcZa6xPrrMjVK7SGjzrrB9Dq8B+P2O7XCVXr+his="}},"zBTMQeDx79Spr9DmCyakPjiCv2Zds5IFjfgiYPwrHpI=":{"valueMac":{"type":"Buffer","data":"kQ9tHvGxexjRFfk8kmyfl5FHvoB3k7ge5/0ViguayKs="}},"lVed8xBioi4YdnXJhFSpKJ/N1YyR/W+x1H9CJnJ0PGA=":{"valueMac":{"type":"Buffer","data":"Ifylx2t2Kf0TDT3sP37pnMEPIWkBlLS12jFBUdKzZ58="}},"5JWU01+VL+H+IlAmlCMv5gHjN2BBTZPsVbGeFQYEPrQ=":{"valueMac":{"type":"Buffer","data":"98s50UbVk4dmPomRjaXTge9CaSx9SfS2pIb0uxRr2tM="}},"jqa6cUNI33N6l2gTT5F8Ggbo0KSpVKpEaJf/Hkwn9Gc=":{"valueMac":{"type":"Buffer","data":"FWISldsuI2pRDoyeclaUaIZRndD5JnIxjoTiJyRA/Ho="}},"O6wv1kSeVFfSTiryRy67i+XAaShx2fexrnR0J/a2Dmo=":{"valueMac":{"type":"Buffer","data":"hbBZksxSteaPOqwKaUXOqoY+BIQuk3sD73ftvM30Ccw="}},"vO4hQ9hDd83eiUb0EqLiz4l8Jx+HVxxhi+VMxxFsSmg=":{"valueMac":{"type":"Buffer","data":"0vFQ2DikiD9Y+2tGUC0KeH6GKXf6ZWD6o9r+ONCEIwA="}},"xq6L9Xy6YsvnlmjbApId+7WJE2SVaEyseg347WBfels=":{"valueMac":{"type":"Buffer","data":"3TqHRxCpzcJQdShRP1hlrb0IJQg/pFVfVXBh+eVbnWw="}},"cZCt5ujnjChxdGN7IwUr20NZnzNJh3coj02D4nniWz8=":{"valueMac":{"type":"Buffer","data":"W8TjmPtvo9zo7x9PrfYpdmAupVX/VbFL8StO5ghBg/Q="}},"8EydKH9L282Vst5v4wqL7QmkRW7rP7BLfamPYMhqltc=":{"valueMac":{"type":"Buffer","data":"DU7q9r+V8v+VnvmQgYC5PuwMJyp5yWIYNcrl2ymosEE="}},"dppFmaBa04CECKoBX6S/XCBfBxBDUJ8zvZSYZW9EZmw=":{"valueMac":{"type":"Buffer","data":"TwycN1rrcBb/UZ9LQVOPrsXzlW0kFvUEds6OBsEwHyY="}},"Yi9I9/LdqGNpaOg6jKg7UMUMCJXzarHms+s6MUOth3A=":{"valueMac":{"type":"Buffer","data":"VpVhpCax7Emzsfwp69jAUo2x+v04fdsg2y+TzUJQ7dk="}},"F0nsuk+Wd/pDqN7HK+7iLB5dWdRxwxMxjesMywXlT/M=":{"valueMac":{"type":"Buffer","data":"sVYVbhmlgZGmCNCCq0zfUhdoGWup0BTaDsMDcEkAclk="}},"pV2NjPalm29CV4CMzuv0CvpNQnueEy7kNbgye6uhT/w=":{"valueMac":{"type":"Buffer","data":"jf44g1fFxCLzCx9eKnCqT/neOVkBk8FFy9OxRkFzXag="}},"VZjWpcl8oQ55LJfng+8++JmGA84KdNrnpfFYVlN8RSQ=":{"valueMac":{"type":"Buffer","data":"sNTcx8UL24m+AVvfqRheXg2+ZwMP7tu1b0QM2OJ/Udo="}},"DmxOsBWXumQ65p81cpeABRGrUg6TwGlnW8gCFgaIssg=":{"valueMac":{"type":"Buffer","data":"s8L5CEMDDgaggHHyeuqhBcujHhEQbqrsA7vHCxvTWBM="}},"3k+yN+I+T0S/uKJANkM5qnrPzs7ti7+LH0r6HC5wMFs=":{"valueMac":{"type":"Buffer","data":"cpJsK+SePOCweE0BRehH8bAW616j3oA3q0Vm393UIT4="}},"lhRElFhJuMlwFeVUvnLtgIheNHWvR1nyUY4ldQuDr6I=":{"valueMac":{"type":"Buffer","data":"aCTx8M3vQLGk6dSfmphbC+3dhl8JZbf1spFj0+q2J/g="}},"2Q0FVbzK/n0YYxSfqfpLZnYkyUh0c1zN4BPADlpTAaE=":{"valueMac":{"type":"Buffer","data":"CSbTDtAgQFvZff3yw/HbmPtyBxC0QlVq5zQEhvJmhGQ="}},"XYl+V81MUyLirv5pYS5TVSYFA0D74BGyuiX2w75TgDM=":{"valueMac":{"type":"Buffer","data":"UNcnJ8ntxx3xsHta4LyURWSoMh0VYUe2rZJfrmqtkAs="}},"6CFyEva/vSkhe90o+YNgK6Ldbtgm7COzE+W1vYmBB0A=":{"valueMac":{"type":"Buffer","data":"NWcHQm0UFmYFsTRV5KD5V3sKRs/2FaQH5W8/ou/EU9c="}},"5/r1u6MOiCMez9960VGG3Eu0mFQRc1TLeorWZq+/BOY=":{"valueMac":{"type":"Buffer","data":"7HPIdub6y3Adqnn46yLz2jpinzVHv5ngQSFL7JbnZ/Q="}},"AN7rJ1aC38f4e6Gp7T07j1Wq/jFS0rLlykr8Vri0rCY=":{"valueMac":{"type":"Buffer","data":"/Zw6/K90T7004L21iL/LfAnSpfR27pIZesRoqkFsiaI="}},"uSLTJYbVpj+08PxGMgVcWUAQ2koJ/QWDOE32TTtmviA=":{"valueMac":{"type":"Buffer","data":"xRNUhUWNDvXJqHW+Lj3Cq4HH00UPv7xEFDVyPJax6kE="}},"5ik2mYjpnXVweUUnj2VZ8U/ifzGFgMIxxVfRsD1MJgw=":{"valueMac":{"type":"Buffer","data":"vps1boCC/4pOQH3+1GRCnt7GlGgoiWg7FbAKloirg7Q="}},"9EXQp8OBpLSawI7XksZL0iwP/slEiJNCwZWCB6Xqlsw=":{"valueMac":{"type":"Buffer","data":"Kq8eQ+wXfui1YNh/PG4y7v6jwoaJpNZigCS5YVDkGa0="}},"TFFAcS7FmKvEGkKyKOO/RgEbM3GbXBZhdJJY8SyBEds=":{"valueMac":{"type":"Buffer","data":"kij7IHEYhhhhQA3xam/Q6KQzz9bK995WG4wIpBarCaY="}},"BBJKb7gfeOc8ZJO/pPvS42rrHZtdWxqQuQl8JJk1F5M=":{"valueMac":{"type":"Buffer","data":"EWNLFqYijui4UX+Il++U8u8fTSxYaZKzUk/JYmwSTFY="}},"aNCjCI42PDfWWbcA3kRz+Q1sBQ8jdCAdaMtDQPPJ37g=":{"valueMac":{"type":"Buffer","data":"MBgFvz89zxHeJ4ilhk8a0fD/f+bVpNAv5woLF3kup6c="}},"s+xKB7ZjS70Z9CVSpMBYSewtL1rD7U5WlNLBRDGHiLM=":{"valueMac":{"type":"Buffer","data":"jhM33q9NSZ5A813VRZ2E3BNp+DxqOhYyst2rkQiZBgs="}},"dIioUX8Br7AHqOk7hhP07yLeqou46Vn/k62irdq74ZY=":{"valueMac":{"type":"Buffer","data":"aZ1LCiLQRAw0Zt/49tL7HdiKHlXTmmcKHjKGOhJTRnc="}},"53mpgCugLg5ZGH9xBSN+4N0iyit447ohWmOLKUJhRaU=":{"valueMac":{"type":"Buffer","data":"K7u6BXppjXEV5zU6IMwLxKNTDlFMpX+Aqvuj9n8hKlM="}},"rKWB2iC/EnhmeYzfma/gPkWLdeM6xopr3rvufnFm0hk=":{"valueMac":{"type":"Buffer","data":"Y8WZ5hk4fs54nbPpkw8kEI4gM40160p2T0W7ApGPB3g="}},"NpsO/66X1AKRHErZ70zkf8eVeQauIUOmQDTPwHt9uD8=":{"valueMac":{"type":"Buffer","data":"tHFWnENSqMSf4srTUl/RKX/PKdWmFkhrHRD/pCiFrLM="}},"kfBT0ih6IcV+F4AX5FX23yuAzQEGL9MtXh7AypudEjg=":{"valueMac":{"type":"Buffer","data":"xQWkH+/VzjjVeyGcHhBim51cu4fjkf8IRa86/r3Ilyc="}},"jjs8tSGND+DUfHBvJRT634SGvPrtTfBtclJwDpXQJaw=":{"valueMac":{"type":"Buffer","data":"RI9f62531yVZ9D+ZaUkZWQpSwxsyM+h1pTdi4KwetF4="}},"yKMYmvm2iuBmBAnY/rXmDKLOg/ozTqKQVahxwvXLfcA=":{"valueMac":{"type":"Buffer","data":"k5IGa+MU4CXDvtz9k/9mGI56/uCOeFZwNawD0e+RjAA="}},"X8PbvWvD/QTFn/UTogKtlX0JMikDaZWXMY9lfMX3txI=":{"valueMac":{"type":"Buffer","data":"IrtHkQ80gcQwxktVrLROrjSXaRasulgCByb1ouVjelg="}},"pI4IsEH6sXy5f7BsUAcNS9q1CPiJhRUELVpMknP4eUs=":{"valueMac":{"type":"Buffer","data":"ysE6cOOcY3EqjBctDxjA6g6IJgkia7oC2xBB6vMizUw="}},"rG4sdpQ04Q2tkeCGzk1qfLXb+VYRom4IwjwxZERzu2Y=":{"valueMac":{"type":"Buffer","data":"DW8vVmu7slQWglhbQNu8XUZKWz/8XPJBfVW7t8glzkQ="}},"K0AA5gvb8wcoY34ZzmF8gO70wNORrBWiJ4zixX38mGA=":{"valueMac":{"type":"Buffer","data":"BqP9IPf1AXE8x5iSy0kEao3TzwA9+3nAJK73CLk2c/4="}},"+xo8DRS4vuVSGIhtcKn2CU04h3lKpxs59mcQpvh27Wo=":{"valueMac":{"type":"Buffer","data":"RUgx3DvHEouUgXnGumMBvhQUPjx1DeI0geY7/5eR4iw="}},"TKn3noYfpGnUVi+eVbGznVZ8CG6lrpUEaKAjQcd0dEI=":{"valueMac":{"type":"Buffer","data":"QRvNzIDOlJPL39c5ypsfp+ZUCZ1hiqFKB573+j8xaaE="}},"XJuBudyV45cJC/ib9uRagsmHfFNXNZlK1idMbYQHfi8=":{"valueMac":{"type":"Buffer","data":"50C1C+Mawi0OlEOnlx5WFMfl/Yv5SDjJo+ZY9/HsF4c="}},"8fKye8lhe7VUEAarzpsxvnnXXqpjBRB9bZ2xHEj62Sk=":{"valueMac":{"type":"Buffer","data":"pPEhwJL7nXewP945dWO1npT6pD4z1Z0xo6LVlm42XHg="}},"ViHfIruD88hTBPVusRzcSULInafqWQ+mJL8+vk+RJUw=":{"valueMac":{"type":"Buffer","data":"2X1KrzVWmyft8s8rY8TWkFI9fxHgafE5xIjRgBVup8I="}}}}