{"version":1,"hash":{"type":"Buffer","data":"xNUs7qxEW7JsdQvD90E70YX6vvyxnSDGnyk6j2xMVd7xRXdTXZ/bCQYuuvn48IgmrMCge3NgBUc6tGlbL/a+Q7VsSSVU8Vk6sCJ8lxUCAeqcmT6H2u48d9K4LQc5MyZhNDWFgmLQw2IJPYz98qqMA3TOGxk/arYeUiISIsAiadA="},"indexValueMap":{"/VHWa9Xk5+evNsn6VDbb/2PR5zNAfz+COWhcLAmQDnM=":{"valueMac":{"type":"Buffer","data":"FJ4CrSzK241MbYMIciKGdJ0dLOmiAnsH47PUQJvHnHk="}},"a7wI3oSMoWtg7RsAMz7YKCd5sQ5NgfKRm0729hKyJCE=":{"valueMac":{"type":"Buffer","data":"JBE8aejB3fc8i5hw7jgm2aGhkVc/sdXjoxa4a04W0M0="}},"pt7TFGeAhUAeb3twhGuO5XPBZwYxsvmylM/vCduYAMM=":{"valueMac":{"type":"Buffer","data":"+1DwAGjYiZrGPCNiS375hyX8Q+WYPQn+e6f2dDs+pi8="}},"2LXn1ELv4Ftj8EOUHIwb4qctfF/15b/J3VggdQbfX7k=":{"valueMac":{"type":"Buffer","data":"j00tcq1Q8U5QJj6RFGG1uow7URhkE2Z1kIoLCQ1MHVw="}}}}