{"noiseKey":{"private":{"type":"Buffer","data":"2AtrvHUlpo+JUSDE5Lg8zwrZpChmZzsoBz7A7c8KNFg="},"public":{"type":"Buffer","data":"V9xsn4Hzt0tKyovo5lzWOH2vhqn50cI5CUtd2/Hp9T8="}},"pairingEphemeralKeyPair":{"private":{"type":"Buffer","data":"sH2S6Hrmt3WNAj71FLrYfRrKKveaNFjyFNtJnc3zvWc="},"public":{"type":"Buffer","data":"NwTMJUZ01ocQ8/xCeFie2IfnmpChzKZv51PzsZvJawI="}},"signedIdentityKey":{"private":{"type":"Buffer","data":"eGweKEy5AZR1RigKJiWRF15s3l46mBSdLmS2EBjDz0k="},"public":{"type":"Buffer","data":"pm7qNcVuM6IfVzkcehrIZNbN14j+AjcuAnEIkXuMWDo="}},"signedPreKey":{"keyPair":{"private":{"type":"Buffer","data":"MALb67ZzDc9cFd6udAaNFwwuywXuK56xRCQyIv41XVc="},"public":{"type":"Buffer","data":"xNsB/OofPtxLtWrSyezPYJaFKDcA5XfxOwVV2/Fl+CE="}},"signature":{"type":"Buffer","data":"5IOWitTxGVXOfvlLaZRnhZ6rPJlQ2xtmE8eaEp60+vVLBBfcKoxK+S9Kd9ywotXKj5YQyYkNA7L0odH/tlyjBg=="},"keyId":1},"registrationId":102,"advSecretKey":"v9haS9cqqvXreNbp3ra7Zy/owAcrm1pUOfHhtLgyAJo=","processedHistoryMessages":[{"key":{"remoteJid":"5524981890076@s.whatsapp.net","fromMe":true,"id":"F993002E8820F779280713D86BA18CBF"},"messageTimestamp":1718804783},{"key":{"remoteJid":"5524981890076@s.whatsapp.net","fromMe":true,"id":"23C36C261BFE674C2BE146CADC4EBE70"},"messageTimestamp":1718804782},{"key":{"remoteJid":"5524981890076@s.whatsapp.net","fromMe":true,"id":"03EFD496AAF14D8DA7085F44158D10D1"},"messageTimestamp":1718804784},{"key":{"remoteJid":"5524981890076@s.whatsapp.net","fromMe":true,"id":"39BD056662AA91A917B0DF2C099A2B85"},"messageTimestamp":1718804784},{"key":{"remoteJid":"5524981890076@s.whatsapp.net","fromMe":true,"id":"F31FF19B5684EC72995C31EE31EC1D7D"},"messageTimestamp":1718804787}],"nextPreKeyId":31,"firstUnuploadedPreKeyId":31,"accountSyncCounter":1,"accountSettings":{"unarchiveChats":false},"deviceId":"nIF8jSm3Q1ShJHnHFkxbdA","phoneId":"9c9e8ac1-8371-4ce1-a9fe-a1530a30ada6","identityId":{"type":"Buffer","data":"kxouGReAayBqIRQdR0ezs61qIlg="},"registered":true,"backupToken":{"type":"Buffer","data":"DoJvmLx7BID/0HmwKP9vbNutFfQ="},"registration":{},"pairingCode":"J8WFM16Q","me":{"id":"5524981890076:1@s.whatsapp.net","name":"XXX"},"account":{"details":"CMj8s9QEEKrCy7MGGAEgACgA","accountSignatureKey":"C45D8KJYzxrQTHcHWUfAXYj0JPhJlbdvmPGbt+1t/Rg=","accountSignature":"sLnrm5Hw+Sopv4dgcohxBef/Sj638gvDndXjZGGlO6o+h1GUrF591twMWguRxMBQKAahcggpoO3+xFf4LLktCQ==","deviceSignature":"4NunU18u0su5ZQ5nH+qM/yVoyNGD9WIQ5wCU2/1vGGzvMd52Ltr6W5T/OZq846B+A+1oqWF+Aquyfz/EjvN+BQ=="},"signalIdentities":[{"identifier":{"name":"5524981890076:1@s.whatsapp.net","deviceId":0},"identifierKey":{"type":"Buffer","data":"BQuOQ/CiWM8a0Ex3B1lHwF2I9CT4SZW3b5jxm7ftbf0Y"}}],"platform":"android","lastAccountSyncTimestamp":1718804919,"myAppStateKeyId":"AAAAALVC"}