{"_sessions":{"BRqSU8Ns+Psvv119HMXxr94hNa/z3cPEBfhi5HLt2DZq":{"registrationId":1997602943,"currentRatchet":{"ephemeralKeyPair":{"pubKey":"BXXTgCNOyXq6k+5WgsWzBv5eBA0ZsGmMMLlRuC0PAUd/","privKey":"eFIFvm4bL2iATNvBbOpwqvhUT8kH0wD3YY0Y+LAadXo="},"lastRemoteEphemeralKey":"BapiHss31bb2smLD++AKlv4QaTSJLXwica05uNvvkmU8","previousCounter":0,"rootKey":"Uim4cpWQ5jjif8PrMsLTTUTHb0wFh7cFd5aPCvhbGoI="},"indexInfo":{"baseKey":"BRqSU8Ns+Psvv119HMXxr94hNa/z3cPEBfhi5HLt2DZq","baseKeyType":1,"closed":-1,"used":1718805450279,"created":1718805450279,"remoteIdentityKey":"BTwWxJS2tlb0XqO1CxKjdIL9UaiF1eA3cjvIkdfI/2tu"},"_chains":{"BXXTgCNOyXq6k+5WgsWzBv5eBA0ZsGmMMLlRuC0PAUd/":{"chainKey":{"counter":0,"key":"mmZ2os/MeNrlZLfRSQLGRhkRr5floiJFR5rCT8lqGMs="},"chainType":1,"messageKeys":{}}},"pendingPreKey":{"signedKeyId":0,"baseKey":"BRqSU8Ns+Psvv119HMXxr94hNa/z3cPEBfhi5HLt2DZq","preKeyId":14712271}}},"version":"v1"}