{"_sessions":{"BTSHZt8Mga09a4yiS6WhdnO8eUYa36zDyY4YDQVDC/5k":{"registrationId":1989670210,"currentRatchet":{"ephemeralKeyPair":{"pubKey":"BSm/s8I7gTsV/+cpHLfFju9ZFwisT2HE5FTrqkvVPENy","privKey":"sKe99lYcAzFlO82DoZ+4E1Sf2Bxt3wLTykPXu5X5Pnc="},"lastRemoteEphemeralKey":"BQt+fKYk+y0fRidEZ4ShbQ4iqTzgetZZ7aQY1hTjB5o7","previousCounter":0,"rootKey":"RZet//fW13Ug0998dtklo8YbtWdRqI6MBInQ9Q1ivcY="},"indexInfo":{"baseKey":"BTSHZt8Mga09a4yiS6WhdnO8eUYa36zDyY4YDQVDC/5k","baseKeyType":1,"closed":-1,"used":1718805450287,"created":1718805450287,"remoteIdentityKey":"BSKQifTljK3BZtRhFAwdMR0PWpqJnDWxtz3CqF+Bxc8a"},"_chains":{"BSm/s8I7gTsV/+cpHLfFju9ZFwisT2HE5FTrqkvVPENy":{"chainKey":{"counter":0,"key":"2XB5p6GX6Gn1nxe9iAC9PLy8x27Cd6KgNHykDPF8TWI="},"chainType":1,"messageKeys":{}}},"pendingPreKey":{"signedKeyId":0,"baseKey":"BTSHZt8Mga09a4yiS6WhdnO8eUYa36zDyY4YDQVDC/5k","preKeyId":2459932}}},"version":"v1"}