{"_sessions":{"BWFFnMkPkheOUBQ11KmWCaCX4l1kJ5qJf+3NMtHkyIY1":{"registrationId":1259023684,"currentRatchet":{"ephemeralKeyPair":{"pubKey":"BY0oD4qH7mI6/WJqUC9n5OPy4sb8I+Cwi9oUnRxKTTY5","privKey":"qIXrffhM86y2fwOucJMeBp8iA6si5ngDs6JCzyNH8Uw="},"lastRemoteEphemeralKey":"BXyRtFX1OysNTDdlij3tJvyivMzYnlLS9W8a/R9/Mtdm","previousCounter":0,"rootKey":"4kteRbFBAdGFO/PZ4pjEM+4cOUvYq5DOxsOG8rRByCc="},"indexInfo":{"baseKey":"BWFFnMkPkheOUBQ11KmWCaCX4l1kJ5qJf+3NMtHkyIY1","baseKeyType":1,"closed":-1,"used":1718805450283,"created":1718805450283,"remoteIdentityKey":"BXuxtjpDXqJFz+6sgs81elK1VGsE4Ne7A6AueUsKJP9Q"},"_chains":{"BY0oD4qH7mI6/WJqUC9n5OPy4sb8I+Cwi9oUnRxKTTY5":{"chainKey":{"counter":0,"key":"qsG1AAiYWVIpj9f0SCVt6sW+walC1avO86bBby2bjI0="},"chainType":1,"messageKeys":{}}},"pendingPreKey":{"signedKeyId":0,"baseKey":"BWFFnMkPkheOUBQ11KmWCaCX4l1kJ5qJf+3NMtHkyIY1","preKeyId":951155}}},"version":"v1"}