{"_sessions":{"BQd0KpQglicCS/dbcQn2PrjtiZ628C1W9RVvf1botWp7":{"registrationId":653413022,"currentRatchet":{"ephemeralKeyPair":{"pubKey":"BU1M/AKJZOaeBYsPFb6uEQG9tY77X+cRBrO5K2KQ6lVE","privKey":"YE+gI1GPGvAK4Fep7k4aJ2dyXv4UynBhFTyS4dk/Vno="},"lastRemoteEphemeralKey":"BYtbEeVQwUV3SNLjUq0okzi0/M/5GkKYjBceReRb4m5a","previousCounter":0,"rootKey":"HWSXUWEJdx+3DyraEcbiz+WLipR/VpBZ8YUWow5EpQw="},"indexInfo":{"baseKey":"BQd0KpQglicCS/dbcQn2PrjtiZ628C1W9RVvf1botWp7","baseKeyType":2,"closed":-1,"used":1718805434606,"created":1718805434606,"remoteIdentityKey":"BQ6H+hmd/ZIFjp0Peo+EGPVBrsKSLP1rUYgTck272+8B"},"_chains":{"BYtbEeVQwUV3SNLjUq0okzi0/M/5GkKYjBceReRb4m5a":{"chainKey":{"counter":0,"key":"Cdh9ZATlv9/Nt9nbVeAagdKo9q9Vojnim8mn/HNoOKw="},"chainType":2,"messageKeys":{}},"BU1M/AKJZOaeBYsPFb6uEQG9tY77X+cRBrO5K2KQ6lVE":{"chainKey":{"counter":0,"key":"37rkLy2dRZxbjQBw7m0Lk7BZZ1v5bzuv7i9v6w8vqBk="},"chainType":1,"messageKeys":{}}}}},"version":"v1"}