{"_sessions":{"BdqVR5vuke2RSOhkoQnqItHtEjGeKjxgqvz28ocYopBb":{"registrationId":983043165,"currentRatchet":{"ephemeralKeyPair":{"pubKey":"BesLBVtnUpCVmtRGDXdfkkCR/OYownGedo4vQIQMusVt","privKey":"sKnSWNf6ojCRBGdlfIlwU6p39NLrpNfq3iZvGyKqe1k="},"lastRemoteEphemeralKey":"BSnc5m0MtGZ9cG44n1mVxzlFdvs2t8EmFScP+AKFy382","previousCounter":0,"rootKey":"Mo4umDun5f+RvBY93t1P+LuadCBRp02+Eg5P47jcFRA="},"indexInfo":{"baseKey":"BdqVR5vuke2RSOhkoQnqItHtEjGeKjxgqvz28ocYopBb","baseKeyType":2,"closed":-1,"used":1718806249077,"created":1718804783109,"remoteIdentityKey":"BQuOQ/CiWM8a0Ex3B1lHwF2I9CT4SZW3b5jxm7ftbf0Y"},"_chains":{"BcfJn67dQ2SAEKYJdpq7wa+Q2j9ju1KelySAr8zngJd/":{"chainKey":{"counter":9},"chainType":2,"messageKeys":{}},"BfASINJ9ze6gYviI2/mhK/ZC1aHEM5JUy/m6QxXBLv9T":{"chainKey":{"counter":2},"chainType":2,"messageKeys":{}},"BSWGKclmKJKEjvDORqJSD6sbfM4QT4xRtRPXpbewgmsp":{"chainKey":{"counter":0},"chainType":2,"messageKeys":{}},"BSnc5m0MtGZ9cG44n1mVxzlFdvs2t8EmFScP+AKFy382":{"chainKey":{"counter":0,"key":"K+iTJnCqgoISU1HA9LCSeRaogbKNdx0qjG+pQqEjd3I="},"chainType":2,"messageKeys":{}},"BesLBVtnUpCVmtRGDXdfkkCR/OYownGedo4vQIQMusVt":{"chainKey":{"counter":-1,"key":"t/NakNq4NaTWKadRQv6pelMhRhIDiNIP81QrSbFpzg0="},"chainType":1,"messageKeys":{}}}}},"version":"v1"}