{"_sessions":{"BcXfq7r3XZkInAlm90glBNP0cYdI+3SanAtGjMYlZEBe":{"registrationId":579586214,"currentRatchet":{"ephemeralKeyPair":{"pubKey":"BZKpZbCVSBesc9M25GaXn33xo5w5894m2roQoXinIixD","privKey":"sC7Et8gRzQI0747J1fi8vPwDxRnU4WcYvDMkcgUU1WI="},"lastRemoteEphemeralKey":"BTpESkh+ap12VPuBQv8Lb/n9xuFEKFRWxBxwrEmrDvtm","previousCounter":0,"rootKey":"R+6i6cqX3skfUwwDjdCHC7c+4xs/EojfqAA5os64Rhw="},"indexInfo":{"baseKey":"BcXfq7r3XZkInAlm90glBNP0cYdI+3SanAtGjMYlZEBe","baseKeyType":2,"closed":-1,"used":1718805807945,"created":1718805515167,"remoteIdentityKey":"BcMUtNRnxcJJ6vhJo1UkFXajjBykQ1HQ8tBjA2ncpz83"},"_chains":{"BY37QEziEBdigQP3kEgJi5WMHXQSwnE95mXKO7Bsa5Uz":{"chainKey":{"counter":1},"chainType":2,"messageKeys":{}},"BTpESkh+ap12VPuBQv8Lb/n9xuFEKFRWxBxwrEmrDvtm":{"chainKey":{"counter":3,"key":"bztt7yOUC5qGtTTowROAA3nQHHJftyjMfFslDAEtSd8="},"chainType":2,"messageKeys":{}},"BZKpZbCVSBesc9M25GaXn33xo5w5894m2roQoXinIixD":{"chainKey":{"counter":0,"key":"gt8lAHj8y10tzF5MA+Osyw/nDTJbL0WdFJzpLZCSeUs="},"chainType":1,"messageKeys":{}}}}},"version":"v1"}