{"_sessions":{"BTnlS/1DVTMzTZGt5Ywt5XkTyP/1hzIfbVL1pPzn3UYM":{"registrationId":9285,"currentRatchet":{"ephemeralKeyPair":{"pubKey":"BYVTe4FrFqUd7BIUnKWrUja4ZV7RXNd2AqzSTxLTUrhU","privKey":"YB/D1Wpy58n8igezczlGBu+4y/oHv9u2GAzYjEcs6HQ="},"lastRemoteEphemeralKey":"BQn9XPEOMMVnsmimhkrTnYutw1SB2D90J8tBd3/pd8o7","previousCounter":0,"rootKey":"1csBZ6zXonaTVJOm8EyxVW81PUFV1gjEOYdsOyYV2zY="},"indexInfo":{"baseKey":"BTnlS/1DVTMzTZGt5Ywt5XkTyP/1hzIfbVL1pPzn3UYM","baseKeyType":1,"closed":-1,"used":1718805524569,"created":1718805524569,"remoteIdentityKey":"BWkJPFl3ZGVXFV19MsFq5P5DFPHxVf9FVrOTkBw2ZIt5"},"_chains":{"BYVTe4FrFqUd7BIUnKWrUja4ZV7RXNd2AqzSTxLTUrhU":{"chainKey":{"counter":1,"key":"LMv8uqyMW7vcI1CLcDKsy8cs49D7KJmjUpbksvqpNfs="},"chainType":1,"messageKeys":{}}},"pendingPreKey":{"signedKeyId":2,"baseKey":"BTnlS/1DVTMzTZGt5Ywt5XkTyP/1hzIfbVL1pPzn3UYM","preKeyId":2003}}},"version":"v1"}