{"_sessions":{"BdoLv4Cm3H3QOqaaR0SG6Gq2GXF+KcvALuoLze017SRr":{"registrationId":4,"currentRatchet":{"ephemeralKeyPair":{"pubKey":"Bfckav04Bc/7BEczo/sjhKfskoLEkGHk+KuDBM4c4v8C","privKey":"8BzvNnSDaM8sWD2GiDRM5oM6hpMgW5mMPE2ug+0glks="},"lastRemoteEphemeralKey":"BWpysLvtICrYE81RSgYP9kKoM11pKBZc35s0tChrK74B","previousCounter":0,"rootKey":"Q6NO/aFPa2ovcSqfOMHMoX+yQAURNMCSziHfRT226sQ="},"indexInfo":{"baseKey":"BdoLv4Cm3H3QOqaaR0SG6Gq2GXF+KcvALuoLze017SRr","baseKeyType":1,"closed":-1,"used":1718805524572,"created":1718805524572,"remoteIdentityKey":"BfECSx/2KYnKyJQ802troHKMNDTTn5skbCaXOT4jFrcO"},"_chains":{"Bfckav04Bc/7BEczo/sjhKfskoLEkGHk+KuDBM4c4v8C":{"chainKey":{"counter":1,"key":"GLvbIQ3ooVUVRngXsaeMU9k61bd4tctlwATpHntLR70="},"chainType":1,"messageKeys":{}}},"pendingPreKey":{"signedKeyId":1,"baseKey":"BdoLv4Cm3H3QOqaaR0SG6Gq2GXF+KcvALuoLze017SRr"}}},"version":"v1"}