{"_sessions":{"BUUtO9DqZzHtTP4xYAclIcJ2OrjsKZO4uEo7m0E2pD4y":{"registrationId":98,"currentRatchet":{"ephemeralKeyPair":{"pubKey":"BXY1NRc5ZlBFQtcm1Lh4Dl1+SGmujwSmio+Y1ahSejxW","privKey":"uE1T8REU7iU8blX2dSEB95OGFdrZ5bmetqCanicnBl0="},"lastRemoteEphemeralKey":"BVN4wczN/T8I+jElJ7YDUMsTWpKgxKw5iOysVHYcvtpD","previousCounter":0,"rootKey":"hTSEgZUTw55wxi+I41I1znyA7ULGU8bci/uOV6CHEU4="},"indexInfo":{"baseKey":"BUUtO9DqZzHtTP4xYAclIcJ2OrjsKZO4uEo7m0E2pD4y","baseKeyType":1,"closed":-1,"used":1718805524575,"created":1718805524575,"remoteIdentityKey":"BWglzti/KONtYOiIrpUtPyNZzopUXnfXZXMoODBSoqQK"},"_chains":{"BXY1NRc5ZlBFQtcm1Lh4Dl1+SGmujwSmio+Y1ahSejxW":{"chainKey":{"counter":1,"key":"ujGdfknYXD4lfSQu6Z6aQT7mjGdTZD14qXOeNiGfthQ="},"chainType":1,"messageKeys":{}}},"pendingPreKey":{"signedKeyId":1,"baseKey":"BUUtO9DqZzHtTP4xYAclIcJ2OrjsKZO4uEo7m0E2pD4y","preKeyId":74}}},"version":"v1"}